LC,DC,Y,M,D
PL,ME,2019,1,41
PL,AD,2019,1,0
PL,HU,2019,1,34
PL,HR,2019,1,34
PL,BA,2019,1,64
PL,RS,2019,1,84
PL,FR,2019,1,48
PL,AL,2019,1,54
PL,CH,2019,1,21
PL,MK,2019,1,43
PL,DK,2019,1,13
PL,IE,2019,1,21
PL,RO,2019,1,40
PL,DE,2019,1,45
PL,MD,2019,1,36
PL,AT,2019,1,38
PL,CZ,2019,1,39
PL,NO,2019,1,6
PL,EE,2019,1,19
PL,SK,2019,1,26
PL,BG,2019,1,21
PL,ES,2019,1,9
PL,BE,2019,1,8
PL,NL,2019,1,11
PL,LT,2019,1,22
PL,FI,2019,1,7
PL,GB,2019,1,20
PL,SE,2019,1,13
PL,SI,2019,1,19
PL,UA,2019,1,10
PL,IT,2019,1,23
PL,LV,2019,1,15
PL,GR,2019,1,5
PL,IS,2019,1,6
PL,TR,2019,1,7
PL,PT,2019,1,4
PL,CY,2019,1,3
PL,KZ,2019,1,7
PL,RU,2019,1,13
PL,BY,2019,1,7
PL,AZ,2019,1,8
PL,GE,2019,1,3
PL,AM,2019,1,0
PL,LU,2019,1,0
PL,ME,2019,2,8
PL,AD,2019,2,0
PL,HU,2019,2,32
PL,HR,2019,2,26
PL,BA,2019,2,29
PL,RS,2019,2,53
PL,FR,2019,2,50
PL,AL,2019,2,13
PL,CH,2019,2,21
PL,MK,2019,2,11
PL,DK,2019,2,14
PL,IE,2019,2,28
PL,RO,2019,2,32
PL,DE,2019,2,50
PL,MD,2019,2,22
PL,AT,2019,2,35
PL,CZ,2019,2,35
PL,NO,2019,2,16
PL,EE,2019,2,13
PL,SK,2019,2,22
PL,BG,2019,2,23
PL,ES,2019,2,9
PL,BE,2019,2,9
PL,NL,2019,2,14
PL,LT,2019,2,17
PL,FI,2019,2,5
PL,GB,2019,2,9
PL,SE,2019,2,8
PL,SI,2019,2,16
PL,UA,2019,2,12
PL,IT,2019,2,16
PL,LV,2019,2,8
PL,GR,2019,2,7
PL,IS,2019,2,9
PL,TR,2019,2,7
PL,PT,2019,2,0
PL,CY,2019,2,7
PL,KZ,2019,2,6
PL,RU,2019,2,13
PL,BY,2019,2,4
PL,AZ,2019,2,9
PL,GE,2019,2,11
PL,AM,2019,2,0
PL,LU,2019,2,0
PL,ME,2019,3,62
PL,AD,2019,3,0
PL,HU,2019,3,36
PL,HR,2019,3,36
PL,BA,2019,3,84
PL,RS,2019,3,74
PL,FR,2019,3,46
PL,AL,2019,3,53
PL,CH,2019,3,18
PL,MK,2019,3,24
PL,DK,2019,3,10
PL,IE,2019,3,23
PL,RO,2019,3,27
PL,DE,2019,3,49
PL,MD,2019,3,59
PL,AT,2019,3,30
PL,CZ,2019,3,39
PL,NO,2019,3,9
PL,EE,2019,3,13
PL,SK,2019,3,30
PL,BG,2019,3,27
PL,ES,2019,3,7
PL,BE,2019,3,9
PL,NL,2019,3,13
PL,LT,2019,3,22
PL,FI,2019,3,6
PL,GB,2019,3,15
PL,SE,2019,3,6
PL,SI,2019,3,16
PL,UA,2019,3,23
PL,IT,2019,3,11
PL,LV,2019,3,17
PL,GR,2019,3,8
PL,IS,2019,3,6
PL,TR,2019,3,13
PL,PT,2019,3,3
PL,CY,2019,3,8
PL,KZ,2019,3,7
PL,RU,2019,3,15
PL,BY,2019,3,8
PL,AZ,2019,3,0
PL,GE,2019,3,4
PL,AM,2019,3,0
PL,LU,2019,3,0
PL,ME,2019,4,57
PL,AD,2019,4,9
PL,HU,2019,4,34
PL,HR,2019,4,35
PL,BA,2019,4,79
PL,RS,2019,4,83
PL,FR,2019,4,42
PL,AL,2019,4,37
PL,CH,2019,4,16
PL,MK,2019,4,26
PL,DK,2019,4,12
PL,IE,2019,4,16
PL,RO,2019,4,34
PL,DE,2019,4,44
PL,MD,2019,4,51
PL,AT,2019,4,24
PL,CZ,2019,4,35
PL,NO,2019,4,12
PL,EE,2019,4,17
PL,SK,2019,4,28
PL,BG,2019,4,26
PL,ES,2019,4,8
PL,BE,2019,4,9
PL,NL,2019,4,8
PL,LT,2019,4,35
PL,FI,2019,4,11
PL,GB,2019,4,13
PL,SE,2019,4,11
PL,SI,2019,4,18
PL,UA,2019,4,26
PL,IT,2019,4,14
PL,LV,2019,4,19
PL,GR,2019,4,15
PL,IS,2019,4,4
PL,TR,2019,4,12
PL,PT,2019,4,4
PL,CY,2019,4,9
PL,KZ,2019,4,13
PL,RU,2019,4,23
PL,BY,2019,4,14
PL,AZ,2019,4,0
PL,GE,2019,4,5
PL,AM,2019,4,0
PL,LU,2019,4,2
PL,ME,2019,5,71
PL,AD,2019,5,18
PL,HU,2019,5,38
PL,HR,2019,5,41
PL,BA,2019,5,88
PL,RS,2019,5,81
PL,FR,2019,5,42
PL,AL,2019,5,70
PL,CH,2019,5,15
PL,MK,2019,5,34
PL,DK,2019,5,11
PL,IE,2019,5,13
PL,RO,2019,5,38
PL,DE,2019,5,36
PL,MD,2019,5,24
PL,AT,2019,5,19
PL,CZ,2019,5,35
PL,NO,2019,5,8
PL,EE,2019,5,17
PL,SK,2019,5,35
PL,BG,2019,5,20
PL,ES,2019,5,10
PL,BE,2019,5,5
PL,NL,2019,5,6
PL,LT,2019,5,44
PL,FI,2019,5,12
PL,GB,2019,5,15
PL,SE,2019,5,15
PL,SI,2019,5,18
PL,UA,2019,5,22
PL,IT,2019,5,14
PL,LV,2019,5,22
PL,GR,2019,5,7
PL,IS,2019,5,3
PL,TR,2019,5,12
PL,PT,2019,5,0
PL,CY,2019,5,15
PL,KZ,2019,5,11
PL,RU,2019,5,22
PL,BY,2019,5,9
PL,AZ,2019,5,3
PL,GE,2019,5,3
PL,AM,2019,5,0
PL,LU,2019,5,0
PL,ME,2019,6,29
PL,AD,2019,6,21
PL,HU,2019,6,37
PL,HR,2019,6,34
PL,BA,2019,6,50
PL,RS,2019,6,52
PL,FR,2019,6,51
PL,AL,2019,6,18
PL,CH,2019,6,22
PL,MK,2019,6,20
PL,DK,2019,6,21
PL,IE,2019,6,17
PL,RO,2019,6,29
PL,DE,2019,6,48
PL,MD,2019,6,41
PL,AT,2019,6,24
PL,CZ,2019,6,39
PL,NO,2019,6,6
PL,EE,2019,6,15
PL,SK,2019,6,38
PL,BG,2019,6,12
PL,ES,2019,6,12
PL,BE,2019,6,11
PL,NL,2019,6,13
PL,LT,2019,6,44
PL,FI,2019,6,12
PL,GB,2019,6,13
PL,SE,2019,6,16
PL,SI,2019,6,12
PL,UA,2019,6,13
PL,IT,2019,6,21
PL,LV,2019,6,29
PL,GR,2019,6,3
PL,IS,2019,6,8
PL,TR,2019,6,20
PL,PT,2019,6,5
PL,CY,2019,6,3
PL,KZ,2019,6,9
PL,RU,2019,6,18
PL,BY,2019,6,15
PL,AZ,2019,6,0
PL,GE,2019,6,0
PL,AM,2019,6,0
PL,LU,2019,6,4
PL,ME,2019,7,12
PL,AD,2019,7,0
PL,HU,2019,7,46
PL,HR,2019,7,35
PL,BA,2019,7,39
PL,RS,2019,7,62
PL,FR,2019,7,63
PL,AL,2019,7,7
PL,CH,2019,7,17
PL,MK,2019,7,11
PL,DK,2019,7,17
PL,IE,2019,7,12
PL,RO,2019,7,48
PL,DE,2019,7,52
PL,MD,2019,7,45
PL,AT,2019,7,29
PL,CZ,2019,7,37
PL,NO,2019,7,9
PL,EE,2019,7,34
PL,SK,2019,7,32
PL,BG,2019,7,14
PL,ES,2019,7,25
PL,BE,2019,7,13
PL,NL,2019,7,15
PL,LT,2019,7,55
PL,FI,2019,7,21
PL,GB,2019,7,12
PL,SE,2019,7,6
PL,SI,2019,7,12
PL,UA,2019,7,28
PL,IT,2019,7,18
PL,LV,2019,7,42
PL,GR,2019,7,9
PL,IS,2019,7,0
PL,TR,2019,7,13
PL,PT,2019,7,11
PL,CY,2019,7,0
PL,KZ,2019,7,5
PL,RU,2019,7,13
PL,BY,2019,7,11
PL,AZ,2019,7,0
PL,GE,2019,7,4
PL,AM,2019,7,0
PL,LU,2019,7,3
PL,ME,2019,8,11
PL,AD,2019,8,0
PL,HU,2019,8,47
PL,HR,2019,8,32
PL,BA,2019,8,40
PL,RS,2019,8,55
PL,FR,2019,8,41
PL,AL,2019,8,19
PL,CH,2019,8,11
PL,MK,2019,8,11
PL,DK,2019,8,16
PL,IE,2019,8,7
PL,RO,2019,8,52
PL,DE,2019,8,40
PL,MD,2019,8,54
PL,AT,2019,8,20
PL,CZ,2019,8,35
PL,NO,2019,8,11
PL,EE,2019,8,25
PL,SK,2019,8,36
PL,BG,2019,8,24
PL,ES,2019,8,13
PL,BE,2019,8,8
PL,NL,2019,8,9
PL,LT,2019,8,48
PL,FI,2019,8,16
PL,GB,2019,8,13
PL,SE,2019,8,10
PL,SI,2019,8,13
PL,UA,2019,8,60
PL,IT,2019,8,14
PL,LV,2019,8,31
PL,GR,2019,8,13
PL,IS,2019,8,4
PL,TR,2019,8,14
PL,PT,2019,8,6
PL,CY,2019,8,16
PL,KZ,2019,8,7
PL,RU,2019,8,16
PL,BY,2019,8,7
PL,AZ,2019,8,0
PL,GE,2019,8,5
PL,AM,2019,8,0
PL,LU,2019,8,0
PL,ME,2019,9,46
PL,AD,2019,9,0
PL,HU,2019,9,71
PL,HR,2019,9,47
PL,BA,2019,9,69
PL,RS,2019,9,76
PL,FR,2019,9,67
PL,AL,2019,9,70
PL,CH,2019,9,28
PL,MK,2019,9,45
PL,DK,2019,9,30
PL,IE,2019,9,17
PL,RO,2019,9,77
PL,DE,2019,9,69
PL,MD,2019,9,55
PL,AT,2019,9,47
PL,CZ,2019,9,58
PL,NO,2019,9,12
PL,EE,2019,9,17
PL,SK,2019,9,61
PL,BG,2019,9,61
PL,ES,2019,9,45
PL,BE,2019,9,24
PL,NL,2019,9,26
PL,LT,2019,9,49
PL,FI,2019,9,17
PL,GB,2019,9,10
PL,SE,2019,9,17
PL,SI,2019,9,33
PL,UA,2019,9,59
PL,IT,2019,9,49
PL,LV,2019,9,33
PL,GR,2019,9,43
PL,IS,2019,9,0
PL,TR,2019,9,31
PL,PT,2019,9,21
PL,CY,2019,9,19
PL,KZ,2019,9,9
PL,RU,2019,9,28
PL,BY,2019,9,12
PL,AZ,2019,9,0
PL,GE,2019,9,5
PL,AM,2019,9,2
PL,LU,2019,9,5
PL,ME,2019,10,51
PL,AD,2019,10,0
PL,HU,2019,10,52
PL,HR,2019,10,42
PL,BA,2019,10,59
PL,RS,2019,10,76
PL,FR,2019,10,59
PL,AL,2019,10,70
PL,CH,2019,10,29
PL,MK,2019,10,35
PL,DK,2019,10,25
PL,IE,2019,10,21
PL,RO,2019,10,66
PL,DE,2019,10,69
PL,MD,2019,10,80
PL,AT,2019,10,35
PL,CZ,2019,10,48
PL,NO,2019,10,13
PL,EE,2019,10,16
PL,SK,2019,10,49
PL,BG,2019,10,50
PL,ES,2019,10,35
PL,BE,2019,10,22
PL,NL,2019,10,26
PL,LT,2019,10,35
PL,FI,2019,10,6
PL,GB,2019,10,10
PL,SE,2019,10,12
PL,SI,2019,10,24
PL,UA,2019,10,66
PL,IT,2019,10,35
PL,LV,2019,10,27
PL,GR,2019,10,33
PL,IS,2019,10,5
PL,TR,2019,10,41
PL,PT,2019,10,10
PL,CY,2019,10,11
PL,KZ,2019,10,11
PL,RU,2019,10,36
PL,BY,2019,10,23
PL,AZ,2019,10,3
PL,GE,2019,10,5
PL,AM,2019,10,4
PL,LU,2019,10,4
PL,ME,2019,11,45
PL,AD,2019,11,3
PL,HU,2019,11,43
PL,HR,2019,11,32
PL,BA,2019,11,72
PL,RS,2019,11,79
PL,FR,2019,11,51
PL,AL,2019,11,61
PL,CH,2019,11,19
PL,MK,2019,11,38
PL,DK,2019,11,19
PL,IE,2019,11,17
PL,RO,2019,11,45
PL,DE,2019,11,60
PL,MD,2019,11,62
PL,AT,2019,11,25
PL,CZ,2019,11,46
PL,NO,2019,11,10
PL,EE,2019,11,18
PL,SK,2019,11,40
PL,BG,2019,11,33
PL,ES,2019,11,16
PL,BE,2019,11,14
PL,NL,2019,11,19
PL,LT,2019,11,29
PL,FI,2019,11,7
PL,GB,2019,11,16
PL,SE,2019,11,13
PL,SI,2019,11,15
PL,UA,2019,11,65
PL,IT,2019,11,22
PL,LV,2019,11,21
PL,GR,2019,11,13
PL,IS,2019,11,0
PL,TR,2019,11,15
PL,PT,2019,11,5
PL,CY,2019,11,5
PL,KZ,2019,11,10
PL,RU,2019,11,33
PL,BY,2019,11,26
PL,AZ,2019,11,2
PL,GE,2019,11,7
PL,AM,2019,11,2
PL,LU,2019,11,3
PL,ME,2019,12,39
PL,AD,2019,12,0
PL,HU,2019,12,30
PL,HR,2019,12,35
PL,BA,2019,12,49
PL,RS,2019,12,62
PL,FR,2019,12,44
PL,AL,2019,12,39
PL,CH,2019,12,10
PL,MK,2019,12,31
PL,DK,2019,12,11
PL,IE,2019,12,10
PL,RO,2019,12,31
PL,DE,2019,12,52
PL,MD,2019,12,32
PL,AT,2019,12,20
PL,CZ,2019,12,32
PL,NO,2019,12,10
PL,EE,2019,12,16
PL,SK,2019,12,23
PL,BG,2019,12,28
PL,ES,2019,12,17
PL,BE,2019,12,15
PL,NL,2019,12,21
PL,LT,2019,12,26
PL,FI,2019,12,7
PL,GB,2019,12,10
PL,SE,2019,12,9
PL,SI,2019,12,13
PL,UA,2019,12,46
PL,IT,2019,12,19
PL,LV,2019,12,17
PL,GR,2019,12,10
PL,IS,2019,12,0
PL,TR,2019,12,48
PL,PT,2019,12,4
PL,CY,2019,12,6
PL,KZ,2019,12,12
PL,RU,2019,12,31
PL,BY,2019,12,26
PL,AZ,2019,12,0
PL,GE,2019,12,7
PL,AM,2019,12,3
PL,LU,2019,12,0
ME,PL,2019,1,0
AD,PL,2019,1,0
HU,PL,2019,1,10
HR,PL,2019,1,2
BA,PL,2019,1,3
RS,PL,2019,1,6
FR,PL,2019,1,20
AL.,PL,2019,1,3
CH,PL,2019,1,13
MK,PL,2019,1,0
DK,PL,2019,1,6
IE,PL,2019,1,8
RO,PL,2019,1,14
DE,PL,2019,1,25
MD,PL,2019,1,19
AT,PL,2019,1,24
CZ,PL,2019,1,41
NO,PL,2019,1,13
EE,PL,2019,1,17
SK,PL,2019,1,43
BG,PL,2019,1,23
ES,PL,2019,1,41
BE,PL,2019,1,22
NL,PL,2019,1,25
LT,PL,2019,1,69
FI,PL,2019,1,18
GB,PL,2019,1,20
SE,PL,2019,1,25
SI,PL,2019,1,27
UA,PL,2019,1,54
IT,PL,2019,1,32
LV,PL,2019,1,64
GR,PL,2019,1,10
IS,PL,2019,1,0
TR,PL,2019,1,45
PT,PL,2019,1,11
CY,PL,2019,1,42
KZ,PL,2019,1,0
RU,PL,2019,1,94
BY,PL,2019,1,79
AZ,PL,2019,1,40
GE,PL,2019,1,73
AM,PL,2019,1,53
LU,PL,2019,1,12
ME,PL,2019,2,0
AD,PL,2019,2,0
HU,PL,2019,2,4
HR,PL,2019,2,3
BA,PL,2019,2,4
RS,PL,2019,2,15
FR,PL,2019,2,9
AL.,PL,2019,2,0
CH,PL,2019,2,3
MK,PL,2019,2,0
DK,PL,2019,2,0
IE,PL,2019,2,6
RO,PL,2019,2,11
DE,PL,2019,2,6
MD,PL,2019,2,60
AT,PL,2019,2,9
CZ,PL,2019,2,19
NO,PL,2019,2,7
EE,PL,2019,2,49
SK,PL,2019,2,27
BG,PL,2019,2,10
ES,PL,2019,2,17
BE,PL,2019,2,4
NL,PL,2019,2,8
LT,PL,2019,2,77
FI,PL,2019,2,24
GB,PL,2019,2,14
SE,PL,2019,2,12
SI,PL,2019,2,7
UA,PL,2019,2,40
IT,PL,2019,2,24
LV,PL,2019,2,88
GR,PL,2019,2,7
IS,PL,2019,2,0
TR,PL,2019,2,29
PT,PL,2019,2,12
CY,PL,2019,2,0
KZ,PL,2019,2,68
RU,PL,2019,2,87
BY,PL,2019,2,89
AZ,PL,2019,2,0
GE,PL,2019,2,30
AM,PL,2019,2,9
LU,PL,2019,2,5
ME,PL,2019,3,0
AD,PL,2019,3,0
HU,PL,2019,3,4
HR,PL,2019,3,4
BA,PL,2019,3,0
RS,PL,2019,3,24
FR,PL,2019,3,15
AL.,PL,2019,3,21
CH,PL,2019,3,4
MK,PL,2019,3,10
DK,PL,2019,3,0
IE,PL,2019,3,5
RO,PL,2019,3,11
DE,PL,2019,3,9
MD,PL,2019,3,23
AT,PL,2019,3,10
CZ,PL,2019,3,17
NO,PL,2019,3,7
EE,PL,2019,3,48
SK,PL,2019,3,27
BG,PL,2019,3,17
ES,PL,2019,3,24
BE,PL,2019,3,9
NL,PL,2019,3,14
LT,PL,2019,3,86
FI,PL,2019,3,25
GB,PL,2019,3,20
SE,PL,2019,3,16
SI,PL,2019,3,22
UA,PL,2019,3,40
IT,PL,2019,3,44
LV,PL,2019,3,91
GR,PL,2019,3,17
IS,PL,2019,3,0
TR,PL,2019,3,16
PT,PL,2019,3,25
CY,PL,2019,3,0
KZ,PL,2019,3,0
RU,PL,2019,3,84
BY,PL,2019,3,95
AZ,PL,2019,3,0
GE,PL,2019,3,0
AM,PL,2019,3,0
LU,PL,2019,3,13
ME,PL,2019,4,0
AD,PL,2019,4,0
HU,PL,2019,4,7
HR,PL,2019,4,7
BA,PL,2019,4,13
RS,PL,2019,4,16
FR,PL,2019,4,13
AL.,PL,2019,4,0
CH,PL,2019,4,7
MK,PL,2019,4,3
DK,PL,2019,4,4
IE,PL,2019,4,2
RO,PL,2019,4,14
DE,PL,2019,4,18
MD,PL,2019,4,14
AT,PL,2019,4,17
CZ,PL,2019,4,27
NO,PL,2019,4,4
EE,PL,2019,4,36
SK,PL,2019,4,32
BG,PL,2019,4,27
ES,PL,2019,4,33
BE,PL,2019,4,18
NL,PL,2019,4,26
LT,PL,2019,4,53
FI,PL,2019,4,24
GB,PL,2019,4,20
SE,PL,2019,4,13
SI,PL,2019,4,25
UA,PL,2019,4,32
IT,PL,2019,4,51
LV,PL,2019,4,61
GR,PL,2019,4,27
IS,PL,2019,4,0
TR,PL,2019,4,19
PT,PL,2019,4,25
CY,PL,2019,4,69
KZ,PL,2019,4,18
RU,PL,2019,4,87
BY,PL,2019,4,93
AZ,PL,2019,4,26
GE,PL,2019,4,14
AM,PL,2019,4,0
LU,PL,2019,4,28
ME,PL,2019,5,2
AD,PL,2019,5,0
HU,PL,2019,5,7
HR,PL,2019,5,10
BA,PL,2019,5,11
RS,PL,2019,5,15
FR,PL,2019,5,15
AL.,PL,2019,5,20
CH,PL,2019,5,4
MK,PL,2019,5,4
DK,PL,2019,5,2
IE,PL,2019,5,2
RO,PL,2019,5,7
DE,PL,2019,5,24
MD,PL,2019,5,4
AT,PL,2019,5,21
CZ,PL,2019,5,46
NO,PL,2019,5,3
EE,PL,2019,5,11
SK,PL,2019,5,37
BG,PL,2019,5,25
ES,PL,2019,5,36
BE,PL,2019,5,23
NL,PL,2019,5,28
LT,PL,2019,5,47
FI,PL,2019,5,14
GB,PL,2019,5,28
SE,PL,2019,5,6
SI,PL,2019,5,34
UA,PL,2019,5,22
IT,PL,2019,5,48
LV,PL,2019,5,49
GR,PL,2019,5,46
IS,PL,2019,5,0
TR,PL,2019,5,25
PT,PL,2019,5,29
CY,PL,2019,5,56
KZ,PL,2019,5,18
RU,PL,2019,5,75
BY,PL,2019,5,45
AZ,PL,2019,5,0
GE,PL,2019,5,45
AM,PL,2019,5,0
LU,PL,2019,5,44
ME,PL,2019,6,0
AD,PL,2019,6,0
HU,PL,2019,6,9
HR,PL,2019,6,11
BA,PL,2019,6,6
RS,PL,2019,6,14
FR,PL,2019,6,13
AL.,PL,2019,6,13
CH,PL,2019,6,3
MK,PL,2019,6,20
DK,PL,2019,6,0
IE,PL,2019,6,4
RO,PL,2019,6,20
DE,PL,2019,6,19
MD,PL,2019,6,31
AT,PL,2019,6,23
CZ,PL,2019,6,35
NO,PL,2019,6,6
EE,PL,2019,6,4
SK,PL,2019,6,30
BG,PL,2019,6,56
ES,PL,2019,6,18
BE,PL,2019,6,11
NL,PL,2019,6,13
LT,PL,2019,6,40
FI,PL,2019,6,5
GB,PL,2019,6,17
SE,PL,2019,6,9
SI,PL,2019,6,39
UA,PL,2019,6,51
IT,PL,2019,6,37
LV,PL,2019,6,27
GR,PL,2019,6,71
IS,PL,2019,6,22
TR,PL,2019,6,52
PT,PL,2019,6,19
CY,PL,2019,6,60
KZ,PL,2019,6,92
RU,PL,2019,6,69
BY,PL,2019,6,84
AZ,PL,2019,6,4
GE,PL,2019,6,25
AM,PL,2019,6,0
LU,PL,2019,6,22
ME,PL,2019,7,0
AD,PL,2019,7,0
HU,PL,2019,7,10
HR,PL,2019,7,11
BA,PL,2019,7,24
RS,PL,2019,7,15
FR,PL,2019,7,12
AL.,PL,2019,7,10
CH,PL,2019,7,4
MK,PL,2019,7,21
DK,PL,2019,7,4
IE,PL,2019,7,9
RO,PL,2019,7,31
DE,PL,2019,7,17
MD,PL,2019,7,31
AT,PL,2019,7,24
CZ,PL,2019,7,31
NO,PL,2019,7,10
EE,PL,2019,7,4
SK,PL,2019,7,40
BG,PL,2019,7,60
ES,PL,2019,7,8
BE,PL,2019,7,12
NL,PL,2019,7,16
LT,PL,2019,7,21
FI,PL,2019,7,5
GB,PL,2019,7,16
SE,PL,2019,7,21
SI,PL,2019,7,37
UA,PL,2019,7,46
IT,PL,2019,7,43
LV,PL,2019,7,13
GR,PL,2019,7,48
IS,PL,2019,7,75
TR,PL,2019,7,63
PT,PL,2019,7,5
CY,PL,2019,7,75
KZ,PL,2019,7,0
RU,PL,2019,7,64
BY,PL,2019,7,23
AZ,PL,2019,7,0
GE,PL,2019,7,0
AM,PL,2019,7,0
LU,PL,2019,7,22
ME,PL,2019,8,0
AD,PL,2019,8,0
HU,PL,2019,8,10
HR,PL,2019,8,9
BA,PL,2019,8,24
RS,PL,2019,8,12
FR,PL,2019,8,13
AL.,PL,2019,8,0
CH,PL,2019,8,4
MK,PL,2019,8,6
DK,PL,2019,8,5
IE,PL,2019,8,4
RO,PL,2019,8,19
DE,PL,2019,8,22
MD,PL,2019,8,34
AT,PL,2019,8,21
CZ,PL,2019,8,30
NO,PL,2019,8,6
EE,PL,2019,8,3
SK,PL,2019,8,26
BG,PL,2019,8,51
ES,PL,2019,8,12
BE,PL,2019,8,14
NL,PL,2019,8,18
LT,PL,2019,8,17
FI,PL,2019,8,5
GB,PL,2019,8,17
SE,PL,2019,8,12
SI,PL,2019,8,28
UA,PL,2019,8,65
IT,PL,2019,8,35
LV,PL,2019,8,17
GR,PL,2019,8,27
IS,PL,2019,8,0
TR,PL,2019,8,62
PT,PL,2019,8,7
CY,PL,2019,8,0
KZ,PL,2019,8,0
RU,PL,2019,8,70
BY,PL,2019,8,18
AZ,PL,2019,8,0
GE,PL,2019,8,86
AM,PL,2019,8,0
LU,PL,2019,8,25
ME,PL,2019,9,0
AD,PL,2019,9,0
HU,PL,2019,9,6
HR,PL,2019,9,7
BA,PL,2019,9,18
RS,PL,2019,9,15
FR,PL,2019,9,10
AL.,PL,2019,9,0
CH,PL,2019,9,3
MK,PL,2019,9,2
DK,PL,2019,9,6
IE,PL,2019,9,7
RO,PL,2019,9,12
DE,PL,2019,9,24
MD,PL,2019,9,0
AT,PL,2019,9,18
CZ,PL,2019,9,40
NO,PL,2019,9,12
EE,PL,2019,9,7
SK,PL,2019,9,33
BG,PL,2019,9,37
ES,PL,2019,9,3
BE,PL,2019,9,21
NL,PL,2019,9,25
LT,PL,2019,9,32
FI,PL,2019,9,8
GB,PL,2019,9,22
SE,PL,2019,9,20
SI,PL,2019,9,26
UA,PL,2019,9,87
IT,PL,2019,9,17
LV,PL,2019,9,43
GR,PL,2019,9,11
IS,PL,2019,9,0
TR,PL,2019,9,49
PT,PL,2019,9,3
CY,PL,2019,9,0
KZ,PL,2019,9,75
RU,PL,2019,9,69
BY,PL,2019,9,64
AZ,PL,2019,9,0
GE,PL,2019,9,0
AM,PL,2019,9,0
LU,PL,2019,9,37
ME,PL,2019,10,0
AD,PL,2019,10,8
HU,PL,2019,10,6
HR,PL,2019,10,7
BA,PL,2019,10,12
RS,PL,2019,10,13
FR,PL,2019,10,10
AL.,PL,2019,10,8
CH,PL,2019,10,2
MK,PL,2019,10,0
DK,PL,2019,10,5
IE,PL,2019,10,5
RO,PL,2019,10,9
DE,PL,2019,10,17
MD,PL,2019,10,31
AT,PL,2019,10,18
CZ,PL,2019,10,25
NO,PL,2019,10,9
EE,PL,2019,10,5
SK,PL,2019,10,26
BG,PL,2019,10,13
ES,PL,2019,10,5
BE,PL,2019,10,13
NL,PL,2019,10,16
LT,PL,2019,10,33
FI,PL,2019,10,10
GB,PL,2019,10,15
SE,PL,2019,10,14
SI,PL,2019,10,27
UA,PL,2019,10,96
IT,PL,2019,10,24
LV,PL,2019,10,33
GR,PL,2019,10,4
IS,PL,2019,10,0
TR,PL,2019,10,71
PT,PL,2019,10,4
CY,PL,2019,10,0
KZ,PL,2019,10,0
RU,PL,2019,10,62
BY,PL,2019,10,89
AZ,PL,2019,10,0
GE,PL,2019,10,0
AM,PL,2019,10,0
LU,PL,2019,10,30
ME,PL,2019,11,0
AD,PL,2019,11,0
HU,PL,2019,11,6
HR,PL,2019,11,2
BA,PL,2019,11,4
RS,PL,2019,11,11
FR,PL,2019,11,16
AL.,PL,2019,11,5
CH,PL,2019,11,4
MK,PL,2019,11,4
DK,PL,2019,11,15
IE,PL,2019,11,4
RO,PL,2019,11,12
DE,PL,2019,11,21
MD,PL,2019,11,9
AT,PL,2019,11,18
CZ,PL,2019,11,32
NO,PL,2019,11,7
EE,PL,2019,11,9
SK,PL,2019,11,38
BG,PL,2019,11,24
ES,PL,2019,11,26
BE,PL,2019,11,18
NL,PL,2019,11,18
LT,PL,2019,11,42
FI,PL,2019,11,18
GB,PL,2019,11,10
SE,PL,2019,11,16
SI,PL,2019,11,18
UA,PL,2019,11,78
IT,PL,2019,11,33
LV,PL,2019,11,37
GR,PL,2019,11,20
IS,PL,2019,11,0
TR,PL,2019,11,66
PT,PL,2019,11,13
CY,PL,2019,11,0
KZ,PL,2019,11,87
RU,PL,2019,11,76
BY,PL,2019,11,98
AZ,PL,2019,11,68
GE,PL,2019,11,95
AM,PL,2019,11,0
LU,PL,2019,11,36
ME,PL,2019,12,0
AD,PL,2019,12,0
HU,PL,2019,12,8
HR,PL,2019,12,6
BA,PL,2019,12,19
RS,PL,2019,12,26
FR,PL,2019,12,10
AL.,PL,2019,12,55
CH,PL,2019,12,11
MK,PL,2019,12,22
DK,PL,2019,12,10
IE,PL,2019,12,6
RO,PL,2019,12,18
DE,PL,2019,12,20
MD,PL,2019,12,13
AT,PL,2019,12,19
CZ,PL,2019,12,26
NO,PL,2019,12,15
EE,PL,2019,12,5
SK,PL,2019,12,36
BG,PL,2019,12,41
ES,PL,2019,12,30
BE,PL,2019,12,19
NL,PL,2019,12,24
LT,PL,2019,12,54
FI,PL,2019,12,15
GB,PL,2019,12,12
SE,PL,2019,12,29
SI,PL,2019,12,25
UA,PL,2019,12,77
IT,PL,2019,12,35
LV,PL,2019,12,46
GR,PL,2019,12,65
IS,PL,2019,12,0
TR,PL,2019,12,26
PT,PL,2019,12,12
CY,PL,2019,12,0
KZ,PL,2019,12,0
RU,PL,2019,12,56
BY,PL,2019,12,80
AZ,PL,2019,12,30
GE,PL,2019,12,46
AM,PL,2019,12,31
LU,PL,2019,12,55
PL,AD,2020,1,0
PL,AL,2020,1,23
PL,AM,2020,1,0
PL,AT,2020,1,11
PL,AZ,2020,1,0
PL,BA,2020,1,27
PL,BE,2020,1,5
PL,BG,2020,1,11
PL,BY,2020,1,4
PL,CH,2020,1,7
PL,CY,2020,1,0
PL,CZ,2020,1,28
PL,DE,2020,1,32
PL,DK,2020,1,7
PL,EE,2020,1,7
PL,ES,2020,1,5
PL,FI,2020,1,0
PL,FR,2020,1,27
PL,GB,2020,1,16
PL,GE,2020,1,0
PL,GR,2020,1,5
PL,HR,2020,1,20
PL,HU,2020,1,29
PL,IE,2020,1,2
PL,IS,2020,1,0
PL,IT,2020,1,10
PL,KZ,2020,1,5
PL,LT,2020,1,14
PL,LU,2020,1,0
PL,LV,2020,1,9
PL,MD,2020,1,14
PL,ME,2020,1,11
PL,MK,2020,1,13
PL,NL,2020,1,7
PL,NO,2020,1,4
PL,PT,2020,1,0
PL,RO,2020,1,22
PL,RS,2020,1,41
PL,RU,2020,1,6
PL,SE,2020,1,3
PL,SI,2020,1,8
PL,SK,2020,1,25
PL,TR,2020,1,6
PL,UA,2020,1,15
PL,AD,2020,2,0
PL,AL,2020,2,21
PL,AM,2020,2,0
PL,AT,2020,2,16
PL,AZ,2020,2,0
PL,BA,2020,2,24
PL,BE,2020,2,7
PL,BG,2020,2,20
PL,BY,2020,2,4
PL,CH,2020,2,10
PL,CY,2020,2,0
PL,CZ,2020,2,44
PL,DE,2020,2,41
PL,DK,2020,2,9
PL,EE,2020,2,5
PL,ES,2020,2,7
PL,FI,2020,2,6
PL,FR,2020,2,39
PL,GB,2020,2,15
PL,GE,2020,2,0
PL,GR,2020,2,9
PL,HR,2020,2,16
PL,HU,2020,2,32
PL,IE,2020,2,5
PL,IS,2020,2,6
PL,IT,2020,2,15
PL,KZ,2020,2,9
PL,LT,2020,2,12
PL,LU,2020,2,0
PL,LV,2020,2,5
PL,MD,2020,2,13
PL,ME,2020,2,21
PL,MK,2020,2,12
PL,NL,2020,2,10
PL,NO,2020,2,7
PL,PT,2020,2,4
PL,RO,2020,2,27
PL,RS,2020,2,49
PL,RU,2020,2,14
PL,SE,2020,2,5
PL,SI,2020,2,9
PL,SK,2020,2,28
PL,TR,2020,2,25
PL,UA,2020,2,15
PL,AD,2020,3,2
PL,AL,2020,3,21
PL,AM,2020,3,0
PL,AT,2020,3,23
PL,AZ,2020,3,2
PL,BA,2020,3,51
PL,BE,2020,3,6
PL,BG,2020,3,17
PL,BY,2020,3,5
PL,CH,2020,3,17
PL,CY,2020,3,0
PL,CZ,2020,3,33
PL,DE,2020,3,44
PL,DK,2020,3,12
PL,EE,2020,3,5
PL,ES,2020,3,7
PL,FI,2020,3,3
PL,FR,2020,3,29
PL,GB,2020,3,26
PL,GE,2020,3,5
PL,GR,2020,3,11
PL,HR,2020,3,33
PL,HU,2020,3,42
PL,IE,2020,3,7
PL,IS,2020,3,0
PL,IT,2020,3,24
PL,KZ,2020,3,21
PL,LT,2020,3,13
PL,LU,2020,3,0
PL,LV,2020,3,6
PL,MD,2020,3,10
PL,ME,2020,3,22
PL,MK,2020,3,17
PL,NL,2020,3,10
PL,NO,2020,3,2
PL,PT,2020,3,0
PL,RO,2020,3,50
PL,RS,2020,3,68
PL,RU,2020,3,8
PL,SE,2020,3,4
PL,SI,2020,3,14
PL,SK,2020,3,28
PL,TR,2020,3,33
PL,UA,2020,3,16
PL,AD,2020,4,0
PL,AL,2020,4,5
PL,AM,2020,4,0
PL,AT,2020,4,5
PL,AZ,2020,4,4
PL,BA,2020,4,6
PL,BE,2020,4,0
PL,BG,2020,4,3
PL,BY,2020,4,2
PL,CH,2020,4,3
PL,CY,2020,4,0
PL,CZ,2020,4,8
PL,DE,2020,4,18
PL,DK,2020,4,5
PL,EE,2020,4,0
PL,ES,2020,4,0
PL,FI,2020,4,6
PL,FR,2020,4,4
PL,GB,2020,4,5
PL,GE,2020,4,5
PL,GR,2020,4,0
PL,HR,2020,4,5
PL,HU,2020,4,9
PL,IE,2020,4,3
PL,IS,2020,4,5
PL,IT,2020,4,3
PL,KZ,2020,4,0
PL,LT,2020,4,4
PL,LU,2020,4,0
PL,LV,2020,4,3
PL,MD,2020,4,3
PL,ME,2020,4,2
PL,MK,2020,4,4
PL,NL,2020,4,2
PL,NO,2020,4,2
PL,PT,2020,4,0
PL,RO,2020,4,11
PL,RS,2020,4,19
PL,RU,2020,4,8
PL,SE,2020,4,3
PL,SI,2020,4,3
PL,SK,2020,4,10
PL,TR,2020,4,19
PL,UA,2020,4,5
PL,AD,2020,5,0
PL,AL,2020,5,6
PL,AM,2020,5,0
PL,AT,2020,5,8
PL,AZ,2020,5,0
PL,BA,2020,5,12
PL,BE,2020,5,4
PL,BG,2020,5,3
PL,BY,2020,5,0
PL,CH,2020,5,9
PL,CY,2020,5,0
PL,CZ,2020,5,14
PL,DE,2020,5,26
PL,DK,2020,5,9
PL,EE,2020,5,3
PL,ES,2020,5,3
PL,FI,2020,5,5
PL,FR,2020,5,12
PL,GB,2020,5,9
PL,GE,2020,5,0
PL,GR,2020,5,0
PL,HR,2020,5,12
PL,HU,2020,5,12
PL,IE,2020,5,2
PL,IS,2020,5,0
PL,IT,2020,5,5
PL,KZ,2020,5,0
PL,LT,2020,5,8
PL,LU,2020,5,0
PL,LV,2020,5,4
PL,MD,2020,5,4
PL,ME,2020,5,4
PL,MK,2020,5,6
PL,NL,2020,5,5
PL,NO,2020,5,4
PL,PT,2020,5,0
PL,RO,2020,5,11
PL,RS,2020,5,14
PL,RU,2020,5,3
PL,SE,2020,5,6
PL,SI,2020,5,7
PL,SK,2020,5,12
PL,TR,2020,5,5
PL,UA,2020,5,3
PL,AD,2020,6,0
PL,AL,2020,6,18
PL,AM,2020,6,0
PL,AT,2020,6,13
PL,AZ,2020,6,0
PL,BA,2020,6,19
PL,BE,2020,6,12
PL,BG,2020,6,6
PL,BY,2020,6,4
PL,CH,2020,6,30
PL,CY,2020,6,0
PL,CZ,2020,6,32
PL,DE,2020,6,51
PL,DK,2020,6,12
PL,EE,2020,6,5
PL,ES,2020,6,12
PL,FI,2020,6,11
PL,FR,2020,6,34
PL,GB,2020,6,38
PL,GE,2020,6,0
PL,GR,2020,6,4
PL,HR,2020,6,31
PL,HU,2020,6,29
PL,IE,2020,6,6
PL,IS,2020,6,0
PL,IT,2020,6,13
PL,KZ,2020,6,3
PL,LT,2020,6,14
PL,LU,2020,6,6
PL,LV,2020,6,8
PL,MD,2020,6,2
PL,ME,2020,6,4
PL,MK,2020,6,7
PL,NL,2020,6,15
PL,NO,2020,6,9
PL,PT,2020,6,6
PL,RO,2020,6,23
PL,RS,2020,6,35
PL,RU,2020,6,8
PL,SE,2020,6,17
PL,SI,2020,6,18
PL,SK,2020,6,28
PL,TR,2020,6,3
PL,UA,2020,6,10
PL,AD,2020,7,3
PL,AL,2020,7,8
PL,AM,2020,7,0
PL,AT,2020,7,42
PL,AZ,2020,7,0
PL,BA,2020,7,50
PL,BE,2020,7,30
PL,BG,2020,7,11
PL,BY,2020,7,4
PL,CH,2020,7,36
PL,CY,2020,7,13
PL,CZ,2020,7,42
PL,DE,2020,7,76
PL,DK,2020,7,25
PL,EE,2020,7,13
PL,ES,2020,7,39
PL,FI,2020,7,10
PL,FR,2020,7,75
PL,GB,2020,7,62
PL,GE,2020,7,0
PL,GR,2020,7,11
PL,HR,2020,7,46
PL,HU,2020,7,43
PL,IE,2020,7,20
PL,IS,2020,7,25
PL,IT,2020,7,37
PL,KZ,2020,7,0
PL,LT,2020,7,30
PL,LU,2020,7,9
PL,LV,2020,7,16
PL,MD,2020,7,22
PL,ME,2020,7,8
PL,MK,2020,7,13
PL,NL,2020,7,39
PL,NO,2020,7,7
PL,PT,2020,7,11
PL,RO,2020,7,34
PL,RS,2020,7,31
PL,RU,2020,7,17
PL,SE,2020,7,11
PL,SI,2020,7,34
PL,SK,2020,7,41
PL,TR,2020,7,11
PL,UA,2020,7,25
PL,AD,2020,8,8
PL,AL,2020,8,11
PL,AM,2020,8,0
PL,AT,2020,8,43
PL,AZ,2020,8,0
PL,BA,2020,8,60
PL,BE,2020,8,30
PL,BG,2020,8,19
PL,BY,2020,8,11
PL,CH,2020,8,28
PL,CY,2020,8,15
PL,CZ,2020,8,49
PL,DE,2020,8,74
PL,DK,2020,8,37
PL,EE,2020,8,22
PL,ES,2020,8,26
PL,FI,2020,8,18
PL,FR,2020,8,69
PL,GB,2020,8,57
PL,GE,2020,8,0
PL,GR,2020,8,17
PL,HR,2020,8,44
PL,HU,2020,8,59
PL,IE,2020,8,18
PL,IS,2020,8,0
PL,IT,2020,8,29
PL,KZ,2020,8,3
PL,LT,2020,8,48
PL,LU,2020,8,9
PL,LV,2020,8,30
PL,MD,2020,8,50
PL,ME,2020,8,12
PL,MK,2020,8,10
PL,NL,2020,8,35
PL,NO,2020,8,14
PL,PT,2020,8,10
PL,RO,2020,8,51
PL,RS,2020,8,28
PL,RU,2020,8,32
PL,SE,2020,8,30
PL,SI,2020,8,26
PL,SK,2020,8,56
PL,TR,2020,8,11
PL,UA,2020,8,42
PL,AD,2020,9,0
PL,AL,2020,9,15
PL,AM,2020,9,0
PL,AT,2020,9,53
PL,AZ,2020,9,0
PL,BA,2020,9,50
PL,BE,2020,9,22
PL,BG,2020,9,37
PL,BY,2020,9,8
PL,CH,2020,9,39
PL,CY,2020,9,6
PL,CZ,2020,9,57
PL,DE,2020,9,67
PL,DK,2020,9,14
PL,EE,2020,9,22
PL,ES,2020,9,23
PL,FI,2020,9,16
PL,FR,2020,9,50
PL,GB,2020,9,38
PL,GE,2020,9,0
PL,GR,2020,9,25
PL,HR,2020,9,54
PL,HU,2020,9,68
PL,IE,2020,9,19
PL,IS,2020,9,2
PL,IT,2020,9,33
PL,KZ,2020,9,9
PL,LT,2020,9,40
PL,LU,2020,9,14
PL,LV,2020,9,25
PL,MD,2020,9,22
PL,ME,2020,9,11
PL,MK,2020,9,7
PL,NL,2020,9,28
PL,NO,2020,9,15
PL,PT,2020,9,20
PL,RO,2020,9,68
PL,RS,2020,9,63
PL,RU,2020,9,38
PL,SE,2020,9,35
PL,SI,2020,9,44
PL,SK,2020,9,66
PL,TR,2020,9,11
PL,UA,2020,9,34
PL,AD,2020,10,0
PL,AL,2020,10,18
PL,AM,2020,10,0
PL,AT,2020,10,33
PL,AZ,2020,10,0
PL,BA,2020,10,33
PL,BE,2020,10,32
PL,BG,2020,10,43
PL,BY,2020,10,14
PL,CH,2020,10,42
PL,CY,2020,10,0
PL,CZ,2020,10,57
PL,DE,2020,10,75
PL,DK,2020,10,16
PL,EE,2020,10,16
PL,ES,2020,10,50
PL,FI,2020,10,9
PL,FR,2020,10,54
PL,GB,2020,10,46
PL,GE,2020,10,3
PL,GR,2020,10,30
PL,HR,2020,10,60
PL,HU,2020,10,64
PL,IE,2020,10,22
PL,IS,2020,10,0
PL,IT,2020,10,41
PL,KZ,2020,10,6
PL,LT,2020,10,34
PL,LU,2020,10,21
PL,LV,2020,10,20
PL,MD,2020,10,19
PL,ME,2020,10,7
PL,MK,2020,10,15
PL,NL,2020,10,38
PL,NO,2020,10,12
PL,PT,2020,10,22
PL,RO,2020,10,65
PL,RS,2020,10,78
PL,RU,2020,10,41
PL,SE,2020,10,13
PL,SI,2020,10,44
PL,SK,2020,10,57
PL,TR,2020,10,10
PL,UA,2020,10,29
PL,AD,2020,11,0
PL,AL,2020,11,20
PL,AM,2020,11,6
PL,AT,2020,11,49
PL,AZ,2020,11,0
PL,BA,2020,11,27
PL,BE,2020,11,39
PL,BG,2020,11,34
PL,BY,2020,11,16
PL,CH,2020,11,35
PL,CY,2020,11,0
PL,CZ,2020,11,57
PL,DE,2020,11,82
PL,DK,2020,11,30
PL,EE,2020,11,16
PL,ES,2020,11,25
PL,FI,2020,11,5
PL,FR,2020,11,68
PL,GB,2020,11,77
PL,GE,2020,11,0
PL,GR,2020,11,13
PL,HR,2020,11,51
PL,HU,2020,11,62
PL,IE,2020,11,22
PL,IS,2020,11,0
PL,IT,2020,11,49
PL,KZ,2020,11,8
PL,LT,2020,11,25
PL,LU,2020,11,7
PL,LV,2020,11,19
PL,MD,2020,11,13
PL,ME,2020,11,10
PL,MK,2020,11,15
PL,NL,2020,11,49
PL,NO,2020,11,14
PL,PT,2020,11,10
PL,RO,2020,11,63
PL,RS,2020,11,76
PL,RU,2020,11,32
PL,SE,2020,11,27
PL,SI,2020,11,35
PL,SK,2020,11,51
PL,TR,2020,11,14
PL,UA,2020,11,39
PL,AD,2020,12,0
PL,AL,2020,12,12
PL,AM,2020,12,2
PL,AT,2020,12,39
PL,AZ,2020,12,0
PL,BA,2020,12,25
PL,BE,2020,12,34
PL,BG,2020,12,17
PL,BY,2020,12,10
PL,CH,2020,12,27
PL,CY,2020,12,3
PL,CZ,2020,12,40
PL,DE,2020,12,66
PL,DK,2020,12,31
PL,EE,2020,12,17
PL,ES,2020,12,20
PL,FI,2020,12,13
PL,FR,2020,12,58
PL,GB,2020,12,62
PL,GE,2020,12,0
PL,GR,2020,12,10
PL,HR,2020,12,41
PL,HU,2020,12,45
PL,IE,2020,12,22
PL,IS,2020,12,0
PL,IT,2020,12,39
PL,KZ,2020,12,6
PL,LT,2020,12,24
PL,LU,2020,12,6
PL,LV,2020,12,22
PL,MD,2020,12,14
PL,ME,2020,12,3
PL,MK,2020,12,4
PL,NL,2020,12,38
PL,NO,2020,12,15
PL,PT,2020,12,7
PL,RO,2020,12,40
PL,RS,2020,12,50
PL,RU,2020,12,24
PL,SE,2020,12,33
PL,SI,2020,12,29
PL,SK,2020,12,38
PL,TR,2020,12,18
PL,UA,2020,12,17
AD,PL,2020,1,0
AL,PL,2020,1,24
AM,PL,2020,1,0
AT,PL,2020,1,28
AZ,PL,2020,1,0
BA,PL,2020,1,13
BE,PL,2020,1,35
BG,PL,2020,1,21
BY,PL,2020,1,51
CH,PL,2020,1,7
CY,PL,2020,1,0
CZ,PL,2020,1,39
DE,PL,2020,1,34
DK,PL,2020,1,13
EE,PL,2020,1,8
ES,PL,2020,1,35
FI,PL,2020,1,31
FR,PL,2020,1,19
GB,PL,2020,1,20
GE,PL,2020,1,4
GR,PL,2020,1,50
HR,PL,2020,1,5
HU,PL,2020,1,5
IE,PL,2020,1,6
IT,PL,2020,1,39
KZ,PL,2020,1,13
LT,PL,2020,1,45
LU,PL,2020,1,48
LV,PL,2020,1,33
MD,PL,2020,1,13
ME,PL,2020,1,0
MK,PL,2020,1,0
NL,PL,2020,1,44
NO,PL,2020,1,16
PT,PL,2020,1,23
RO,PL,2020,1,16
RS,PL,2020,1,9
RU,PL,2020,1,55
SE,PL,2020,1,47
SI,PL,2020,1,27
SK,PL,2020,1,38
TR,PL,2020,1,26
UA,PL,2020,1,35
AD,PL,2020,2,0
AL,PL,2020,2,16
AM,PL,2020,2,2
AT,PL,2020,2,11
AZ,PL,2020,2,3
BA,PL,2020,2,0
BE,PL,2020,2,10
BG,PL,2020,2,19
BY,PL,2020,2,52
CH,PL,2020,2,2
CY,PL,2020,2,63
CZ,PL,2020,2,19
DE,PL,2020,2,9
DK,PL,2020,2,3
EE,PL,2020,2,9
ES,PL,2020,2,22
FI,PL,2020,2,4
FR,PL,2020,2,6
GB,PL,2020,2,12
GE,PL,2020,2,6
GR,PL,2020,2,35
HR,PL,2020,2,5
HU,PL,2020,2,3
IE,PL,2020,2,18
IT,PL,2020,2,37
KZ,PL,2020,2,4
LT,PL,2020,2,43
LU,PL,2020,2,16
LV,PL,2020,2,35
MD,PL,2020,2,0
ME,PL,2020,2,2
MK,PL,2020,2,0
NL,PL,2020,2,14
NO,PL,2020,2,13
PT,PL,2020,2,17
RO,PL,2020,2,8
RS,PL,2020,2,4
RU,PL,2020,2,61
SE,PL,2020,2,30
SI,PL,2020,2,18
SK,PL,2020,2,33
TR,PL,2020,2,21
UA,PL,2020,2,15
AD,PL,2020,3,17
AL,PL,2020,3,9
AM,PL,2020,3,0
AT,PL,2020,3,17
AZ,PL,2020,3,0
BA,PL,2020,3,14
BE,PL,2020,3,26
BG,PL,2020,3,27
BY,PL,2020,3,74
CH,PL,2020,3,4
CY,PL,2020,3,0
CZ,PL,2020,3,26
DE,PL,2020,3,16
DK,PL,2020,3,3
EE,PL,2020,3,11
ES,PL,2020,3,36
FI,PL,2020,3,7
FR,PL,2020,3,15
GB,PL,2020,3,7
GE,PL,2020,3,12
GR,PL,2020,3,62
HR,PL,2020,3,14
HU,PL,2020,3,6
IE,PL,2020,3,14
IT,PL,2020,3,69
KZ,PL,2020,3,0
LT,PL,2020,3,42
LU,PL,2020,3,40
LV,PL,2020,3,44
MD,PL,2020,3,2
ME,PL,2020,3,0
MK,PL,2020,3,3
NL,PL,2020,3,33
NO,PL,2020,3,17
PT,PL,2020,3,23
RO,PL,2020,3,11
RS,PL,2020,3,16
RU,PL,2020,3,36
SE,PL,2020,3,35
SI,PL,2020,3,39
SK,PL,2020,3,23
TR,PL,2020,3,28
UA,PL,2020,3,10
AD,PL,2020,4,0
AL,PL,2020,4,0
AM,PL,2020,4,0
AT,PL,2020,4,5
AZ,PL,2020,4,0
BA,PL,2020,4,3
BE,PL,2020,4,11
BG,PL,2020,4,14
BY,PL,2020,4,36
CH,PL,2020,4,2
CY,PL,2020,4,0
CZ,PL,2020,4,9
DE,PL,2020,4,5
DK,PL,2020,4,0
EE,PL,2020,4,2
ES,PL,2020,4,39
FI,PL,2020,4,2
FR,PL,2020,4,14
GB,PL,2020,4,11
GE,PL,2020,4,3
GR,PL,2020,4,51
HR,PL,2020,4,8
HU,PL,2020,4,0
IE,PL,2020,4,0
IT,PL,2020,4,41
KZ,PL,2020,4,10
LT,PL,2020,4,17
LU,PL,2020,4,10
LV,PL,2020,4,13
MD,PL,2020,4,18
ME,PL,2020,4,3
MK,PL,2020,4,4
NL,PL,2020,4,10
NO,PL,2020,4,3
PT,PL,2020,4,31
RO,PL,2020,4,3
RS,PL,2020,4,0
RU,PL,2020,4,33
SE,PL,2020,4,4
SI,PL,2020,4,26
SK,PL,2020,4,12
TR,PL,2020,4,26
UA,PL,2020,4,3
AD,PL,2020,5,0
AL,PL,2020,5,2
AM,PL,2020,5,0
AT,PL,2020,5,4
AZ,PL,2020,5,25
BA,PL,2020,5,0
BE,PL,2020,5,4
BG,PL,2020,5,14
BY,PL,2020,5,83
CH,PL,2020,5,0
CY,PL,2020,5,0
CZ,PL,2020,5,11
DE,PL,2020,5,3
DK,PL,2020,5,0
EE,PL,2020,5,12
ES,PL,2020,5,37
FI,PL,2020,5,4
FR,PL,2020,5,4
GB,PL,2020,5,8
GE,PL,2020,5,0
GR,PL,2020,5,42
HR,PL,2020,5,0
HU,PL,2020,5,2
IE,PL,2020,5,0
IT,PL,2020,5,32
KZ,PL,2020,5,2
LT,PL,2020,5,34
LU,PL,2020,5,4
LV,PL,2020,5,52
MD,PL,2020,5,6
ME,PL,2020,5,3
MK,PL,2020,5,6
NL,PL,2020,5,6
NO,PL,2020,5,0
PT,PL,2020,5,28
RO,PL,2020,5,6
RS,PL,2020,5,0
RU,PL,2020,5,63
SE,PL,2020,5,5
SI,PL,2020,5,13
SK,PL,2020,5,28
TR,PL,2020,5,22
UA,PL,2020,5,15
AD,PL,2020,6,0
AL,PL,2020,6,2
AM,PL,2020,6,0
AT,PL,2020,6,6
AZ,PL,2020,6,0
BA,PL,2020,6,5
BE,PL,2020,6,3
BG,PL,2020,6,27
BY,PL,2020,6,59
CH,PL,2020,6,0
CY,PL,2020,6,0
CZ,PL,2020,6,26
DE,PL,2020,6,5
DK,PL,2020,6,3
EE,PL,2020,6,7
ES,PL,2020,6,12
FI,PL,2020,6,2
FR,PL,2020,6,3
GB,PL,2020,6,5
GE,PL,2020,6,0
GR,PL,2020,6,48
HR,PL,2020,6,3
HU,PL,2020,6,3
IE,PL,2020,6,6
IT,PL,2020,6,20
KZ,PL,2020,6,7
LT,PL,2020,6,33
LU,PL,2020,6,4
LV,PL,2020,6,33
MD,PL,2020,6,0
ME,PL,2020,6,0
MK,PL,2020,6,38
NL,PL,2020,6,6
NO,PL,2020,6,0
PT,PL,2020,6,8
RO,PL,2020,6,9
RS,PL,2020,6,0
RU,PL,2020,6,63
SE,PL,2020,6,5
SI,PL,2020,6,12
SK,PL,2020,6,21
TR,PL,2020,6,21
UA,PL,2020,6,27
AD,PL,2020,7,0
AL,PL,2020,7,2
AM,PL,2020,7,0
AT,PL,2020,7,12
AZ,PL,2020,7,0
BA,PL,2020,7,6
BE,PL,2020,7,4
BG,PL,2020,7,56
BY,PL,2020,7,55
CH,PL,2020,7,3
CY,PL,2020,7,0
CZ,PL,2020,7,28
DE,PL,2020,7,9
DK,PL,2020,7,3
EE,PL,2020,7,3
ES,PL,2020,7,5
FI,PL,2020,7,2
FR,PL,2020,7,3
GB,PL,2020,7,7
GE,PL,2020,7,0
GR,PL,2020,7,57
HR,PL,2020,7,9
HU,PL,2020,7,8
IE,PL,2020,7,4
IT,PL,2020,7,29
KZ,PL,2020,7,3
LT,PL,2020,7,28
LU,PL,2020,7,5
LV,PL,2020,7,8
MD,PL,2020,7,0
ME,PL,2020,7,0
MK,PL,2020,7,3
NL,PL,2020,7,8
NO,PL,2020,7,4
PT,PL,2020,7,3
RO,PL,2020,7,22
RS,PL,2020,7,6
RU,PL,2020,7,57
SE,PL,2020,7,8
SI,PL,2020,7,10
SK,PL,2020,7,33
TR,PL,2020,7,50
UA,PL,2020,7,8
AD,PL,2020,8,0
AL,PL,2020,8,0
AM,PL,2020,8,0
AT,PL,2020,8,13
AZ,PL,2020,8,0
BA,PL,2020,8,2
BE,PL,2020,8,7
BG,PL,2020,8,35
BY,PL,2020,8,58
CH,PL,2020,8,0
CY,PL,2020,8,0
CZ,PL,2020,8,36
DE,PL,2020,8,18
DK,PL,2020,8,2
EE,PL,2020,8,4
ES,PL,2020,8,5
FI,PL,2020,8,0
FR,PL,2020,8,3
GB,PL,2020,8,7
GE,PL,2020,8,0
GR,PL,2020,8,34
HR,PL,2020,8,7
HU,PL,2020,8,12
IE,PL,2020,8,4
IT,PL,2020,8,31
KZ,PL,2020,8,0
LT,PL,2020,8,38
LU,PL,2020,8,18
LV,PL,2020,8,23
MD,PL,2020,8,0
ME,PL,2020,8,0
MK,PL,2020,8,7
NL,PL,2020,8,11
NO,PL,2020,8,3
PT,PL,2020,8,0
RO,PL,2020,8,6
RS,PL,2020,8,5
RU,PL,2020,8,57
SE,PL,2020,8,4
SI,PL,2020,8,6
SK,PL,2020,8,40
TR,PL,2020,8,37
UA,PL,2020,8,18
AD,PL,2020,9,0
AL,PL,2020,9,0
AM,PL,2020,9,88
AT,PL,2020,9,20
AZ,PL,2020,9,23
BA,PL,2020,9,3
BE,PL,2020,9,12
BG,PL,2020,9,46
BY,PL,2020,9,96
CH,PL,2020,9,4
CY,PL,2020,9,0
CZ,PL,2020,9,46
DE,PL,2020,9,22
DK,PL,2020,9,5
EE,PL,2020,9,11
ES,PL,2020,9,0
FI,PL,2020,9,5
FR,PL,2020,9,6
GB,PL,2020,9,7
GE,PL,2020,9,21
GR,PL,2020,9,33
HR,PL,2020,9,11
HU,PL,2020,9,12
IE,PL,2020,9,0
IT,PL,2020,9,22
KZ,PL,2020,9,94
LT,PL,2020,9,24
LU,PL,2020,9,19
LV,PL,2020,9,40
MD,PL,2020,9,5
ME,PL,2020,9,3
MK,PL,2020,9,11
NL,PL,2020,9,21
NO,PL,2020,9,12
PT,PL,2020,9,0
RO,PL,2020,9,22
RS,PL,2020,9,10
RU,PL,2020,9,82
SE,PL,2020,9,12
SI,PL,2020,9,23
SK,PL,2020,9,51
TR,PL,2020,9,67
UA,PL,2020,9,15
AD,PL,2020,10,0
AL,PL,2020,10,3
AM,PL,2020,10,53
AT,PL,2020,10,25
AZ,PL,2020,10,29
BA,PL,2020,10,12
BE,PL,2020,10,12
BG,PL,2020,10,44
BY,PL,2020,10,75
CH,PL,2020,10,5
CY,PL,2020,10,60
CZ,PL,2020,10,49
DE,PL,2020,10,21
DK,PL,2020,10,8
EE,PL,2020,10,11
ES,PL,2020,10,10
FI,PL,2020,10,7
FR,PL,2020,10,7
GB,PL,2020,10,8
GE,PL,2020,10,0
GR,PL,2020,10,18
HR,PL,2020,10,9
HU,PL,2020,10,12
IE,PL,2020,10,2
IT,PL,2020,10,27
KZ,PL,2020,10,63
LT,PL,2020,10,26
LU,PL,2020,10,12
LV,PL,2020,10,44
MD,PL,2020,10,0
ME,PL,2020,10,0
MK,PL,2020,10,5
NL,PL,2020,10,22
NO,PL,2020,10,21
PT,PL,2020,10,5
RO,PL,2020,10,21
RS,PL,2020,10,8
RU,PL,2020,10,82
SE,PL,2020,10,21
SI,PL,2020,10,32
SK,PL,2020,10,50
TR,PL,2020,10,81
UA,PL,2020,10,53
AD,PL,2020,11,0
AL,PL,2020,11,0
AM,PL,2020,11,0
AT,PL,2020,11,21
AZ,PL,2020,11,53
BA,PL,2020,11,8
BE,PL,2020,11,8
BG,PL,2020,11,22
BY,PL,2020,11,76
CH,PL,2020,11,6
CY,PL,2020,11,0
CZ,PL,2020,11,51
DE,PL,2020,11,16
DK,PL,2020,11,7
EE,PL,2020,11,15
ES,PL,2020,11,31
FI,PL,2020,11,16
FR,PL,2020,11,12
GB,PL,2020,11,7
GE,PL,2020,11,37
GR,PL,2020,11,22
HR,PL,2020,11,7
HU,PL,2020,11,13
IE,PL,2020,11,2
IT,PL,2020,11,26
KZ,PL,2020,11,88
LT,PL,2020,11,39
LU,PL,2020,11,9
LV,PL,2020,11,35
MD,PL,2020,11,14
ME,PL,2020,11,0
MK,PL,2020,11,6
NL,PL,2020,11,13
NO,PL,2020,11,12
PT,PL,2020,11,15
RO,PL,2020,11,16
RS,PL,2020,11,6
RU,PL,2020,11,91
SE,PL,2020,11,16
SI,PL,2020,11,37
SK,PL,2020,11,53
TR,PL,2020,11,71
UA,PL,2020,11,69
AD,PL,2020,12,0
AL,PL,2020,12,2
AM,PL,2020,12,0
AT,PL,2020,12,28
AZ,PL,2020,12,0
BA,PL,2020,12,15
BE,PL,2020,12,17
BG,PL,2020,12,55
BY,PL,2020,12,95
CH,PL,2020,12,8
CY,PL,2020,12,0
CZ,PL,2020,12,46
DE,PL,2020,12,21
DK,PL,2020,12,6
EE,PL,2020,12,3
ES,PL,2020,12,36
FI,PL,2020,12,8
FR,PL,2020,12,22
GB,PL,2020,12,21
GE,PL,2020,12,85
GR,PL,2020,12,63
HR,PL,2020,12,21
HU,PL,2020,12,19
IE,PL,2020,12,11
IT,PL,2020,12,40
KZ,PL,2020,12,84
LT,PL,2020,12,39
LU,PL,2020,12,9
LV,PL,2020,12,33
MD,PL,2020,12,0
ME,PL,2020,12,0
MK,PL,2020,12,3
NL,PL,2020,12,25
NO,PL,2020,12,18
PT,PL,2020,12,25
RO,PL,2020,12,31
RS,PL,2020,12,19
RU,PL,2020,12,88
SE,PL,2020,12,23
SI,PL,2020,12,56
SK,PL,2020,12,56
TR,PL,2020,12,63
UA,PL,2020,12,60
PL,AL,2021,1,14
PL,AM,2021,1,0
PL,AT,2021,1,30
PL,AZ,2021,1,0
PL,BA,2021,1,33
PL,BE,2021,1,20
PL,BG,2021,1,12
PL,BY,2021,1,2
PL,CH,2021,1,23
PL,CY,2021,1,0
PL,CZ,2021,1,44
PL,DE,2021,1,60
PL,DK,2021,1,22
PL,EE,2021,1,7
PL,ES,2021,1,16
PL,FI,2021,1,9
PL,FR,2021,1,51
PL,GB,2021,1,52
PL,GE,2021,1,0
PL,GR,2021,1,2
PL,HR,2021,1,36
PL,HU,2021,1,40
PL,IE,2021,1,8
PL,IS,2021,1,0
PL,IT,2021,1,28
PL,KZ,2021,1,3
PL,LT,2021,1,10
PL,LU,2021,1,4
PL,LV,2021,1,8
PL,MC,2021,1,0
PL,MD,2021,1,3
PL,ME,2021,1,3
PL,MK,2021,1,4
PL,NL,2021,1,26
PL,NO,2021,1,17
PL,PT,2021,1,7
PL,RO,2021,1,26
PL,RS,2021,1,35
PL,RU,2021,1,11
PL,SE,2021,1,23
PL,SI,2021,1,20
PL,SK,2021,1,34
PL,TR,2021,1,12
PL,UA,2021,1,10
PL,AL,2021,2,19
PL,AM,2021,2,0
PL,AT,2021,2,46
PL,AZ,2021,2,0
PL,BA,2021,2,47
PL,BE,2021,2,33
PL,BG,2021,2,26
PL,BY,2021,2,12
PL,CH,2021,2,34
PL,CY,2021,2,5
PL,CZ,2021,2,66
PL,DE,2021,2,76
PL,DK,2021,2,27
PL,EE,2021,2,13
PL,ES,2021,2,17
PL,FI,2021,2,16
PL,FR,2021,2,67
PL,GB,2021,2,72
PL,GE,2021,2,0
PL,GR,2021,2,13
PL,HR,2021,2,56
PL,HU,2021,2,57
PL,IE,2021,2,15
PL,IS,2021,2,5
PL,IT,2021,2,36
PL,KZ,2021,2,12
PL,LT,2021,2,16
PL,LU,2021,2,8
PL,LV,2021,2,12
PL,MC,2021,2,0
PL,MD,2021,2,15
PL,ME,2021,2,9
PL,MK,2021,2,13
PL,NL,2021,2,42
PL,NO,2021,2,19
PL,PT,2021,2,8
PL,RO,2021,2,35
PL,RS,2021,2,39
PL,RU,2021,2,20
PL,SE,2021,2,24
PL,SI,2021,2,25
PL,SK,2021,2,54
PL,TR,2021,2,24
PL,UA,2021,2,20
PL,AL,2021,3,21
PL,AM,2021,3,3
PL,AT,2021,3,49
PL,AZ,2021,3,0
PL,BA,2021,3,50
PL,BE,2021,3,27
PL,BG,2021,3,28
PL,BY,2021,3,6
PL,CH,2021,3,32
PL,CY,2021,3,3
PL,CZ,2021,3,61
PL,DE,2021,3,75
PL,DK,2021,3,25
PL,EE,2021,3,17
PL,ES,2021,3,16
PL,FI,2021,3,8
PL,FR,2021,3,62
PL,GB,2021,3,50
PL,GE,2021,3,3
PL,GR,2021,3,16
PL,HR,2021,3,50
PL,HU,2021,3,55
PL,IE,2021,3,22
PL,IS,2021,3,4
PL,IT,2021,3,25
PL,KZ,2021,3,8
PL,LT,2021,3,16
PL,LU,2021,3,5
PL,LV,2021,3,10
PL,MC,2021,3,0
PL,MD,2021,3,12
PL,ME,2021,3,13
PL,MK,2021,3,14
PL,NL,2021,3,36
PL,NO,2021,3,10
PL,PT,2021,3,4
PL,RO,2021,3,48
PL,RS,2021,3,42
PL,RU,2021,3,17
PL,SE,2021,3,21
PL,SI,2021,3,28
PL,SK,2021,3,46
PL,TR,2021,3,10
PL,UA,2021,3,14
PL,AL,2021,4,12
PL,AM,2021,4,0
PL,AT,2021,4,40
PL,AZ,2021,4,0
PL,BA,2021,4,34
PL,BE,2021,4,23
PL,BG,2021,4,19
PL,BY,2021,4,5
PL,CH,2021,4,32
PL,CY,2021,4,4
PL,CZ,2021,4,60
PL,DE,2021,4,74
PL,DK,2021,4,29
PL,EE,2021,4,23
PL,ES,2021,4,17
PL,FI,2021,4,14
PL,FR,2021,4,58
PL,GB,2021,4,36
PL,GE,2021,4,0
PL,GR,2021,4,11
PL,HR,2021,4,38
PL,HU,2021,4,49
PL,IE,2021,4,18
PL,IS,2021,4,8
PL,IT,2021,4,23
PL,KZ,2021,4,4
PL,LT,2021,4,30
PL,LU,2021,4,5
PL,LV,2021,4,17
PL,MC,2021,4,0
PL,MD,2021,4,15
PL,ME,2021,4,6
PL,MK,2021,4,7
PL,NL,2021,4,32
PL,NO,2021,4,13
PL,PT,2021,4,4
PL,RO,2021,4,46
PL,RS,2021,4,34
PL,RU,2021,4,13
PL,SE,2021,4,32
PL,SI,2021,4,25
PL,SK,2021,4,47
PL,TR,2021,4,5
PL,UA,2021,4,4
PL,AL,2021,5,10
PL,AM,2021,5,0
PL,AT,2021,5,39
PL,AZ,2021,5,2
PL,BA,2021,5,29
PL,BE,2021,5,28
PL,BG,2021,5,21
PL,BY,2021,5,5
PL,CH,2021,5,44
PL,CY,2021,5,2
PL,CZ,2021,5,65
PL,DE,2021,5,72
PL,DK,2021,5,28
PL,EE,2021,5,29
PL,ES,2021,5,19
PL,FI,2021,5,29
PL,FR,2021,5,59
PL,GB,2021,5,30
PL,GE,2021,5,0
PL,GR,2021,5,10
PL,HR,2021,5,46
PL,HU,2021,5,66
PL,IE,2021,5,35
PL,IS,2021,5,0
PL,IT,2021,5,31
PL,KZ,2021,5,4
PL,LT,2021,5,52
PL,LU,2021,5,5
PL,LV,2021,5,30
PL,MC,2021,5,0
PL,MD,2021,5,8
PL,ME,2021,5,12
PL,MK,2021,5,11
PL,NL,2021,5,35
PL,NO,2021,5,37
PL,PT,2021,5,7
PL,RO,2021,5,47
PL,RS,2021,5,43
PL,RU,2021,5,25
PL,SE,2021,5,54
PL,SI,2021,5,35
PL,SK,2021,5,65
PL,TR,2021,5,4
PL,UA,2021,5,14
PL,AL,2021,6,6
PL,AM,2021,6,0
PL,AT,2021,6,56
PL,AZ,2021,6,0
PL,BA,2021,6,41
PL,BE,2021,6,33
PL,BG,2021,6,12
PL,BY,2021,6,4
PL,CH,2021,6,45
PL,CY,2021,6,0
PL,CZ,2021,6,70
PL,DE,2021,6,78
PL,DK,2021,6,42
PL,EE,2021,6,40
PL,ES,2021,6,40
PL,FI,2021,6,52
PL,FR,2021,6,65
PL,GB,2021,6,38
PL,GE,2021,6,0
PL,GR,2021,6,11
PL,HR,2021,6,48
PL,HU,2021,6,70
PL,IE,2021,6,41
PL,IS,2021,6,16
PL,IT,2021,6,46
PL,KZ,2021,6,4
PL,LT,2021,6,61
PL,LU,2021,6,13
PL,LV,2021,6,45
PL,MC,2021,6,2
PL,MD,2021,6,27
PL,ME,2021,6,14
PL,MK,2021,6,18
PL,NL,2021,6,41
PL,NO,2021,6,33
PL,PT,2021,6,9
PL,RO,2021,6,46
PL,RS,2021,6,42
PL,RU,2021,6,15
PL,SE,2021,6,63
PL,SI,2021,6,37
PL,SK,2021,6,71
PL,TR,2021,6,0
PL,UA,2021,6,12
PL,AL,2021,7,10
PL,AM,2021,7,0
PL,AT,2021,7,63
PL,AZ,2021,7,0
PL,BA,2021,7,32
PL,BE,2021,7,46
PL,BG,2021,7,28
PL,BY,2021,7,12
PL,CH,2021,7,44
PL,CY,2021,7,0
PL,CZ,2021,7,76
PL,DE,2021,7,83
PL,DK,2021,7,35
PL,EE,2021,7,47
PL,ES,2021,7,46
PL,FI,2021,7,44
PL,FR,2021,7,70
PL,GB,2021,7,54
PL,GE,2021,7,0
PL,GR,2021,7,35
PL,HR,2021,7,52
PL,HU,2021,7,78
PL,IE,2021,7,34
PL,IS,2021,7,36
PL,IT,2021,7,47
PL,KZ,2021,7,4
PL,LT,2021,7,63
PL,LU,2021,7,14
PL,LV,2021,7,57
PL,MC,2021,7,0
PL,MD,2021,7,7
PL,ME,2021,7,11
PL,MK,2021,7,10
PL,NL,2021,7,51
PL,NO,2021,7,17
PL,PT,2021,7,15
PL,RO,2021,7,58
PL,RS,2021,7,48
PL,RU,2021,7,11
PL,SE,2021,7,50
PL,SI,2021,7,40
PL,SK,2021,7,73
PL,TR,2021,7,7
PL,UA,2021,7,14
AL,PL,2021,1,6
AM,PL,2021,1,84
AT,PL,2021,1,29
AZ,PL,2021,1,49
BA,PL,2021,1,5
BE,PL,2021,1,27
BG,PL,2021,1,35
BY,PL,2021,1,92
CH,PL,2021,1,8
CY,PL,2021,1,6
CZ,PL,2021,1,54
DE,PL,2021,1,28
DK,PL,2021,1,7
EE,PL,2021,1,15
ES,PL,2021,1,25
FI,PL,2021,1,19
FR,PL,2021,1,20
GB,PL,2021,1,22
GE,PL,2021,1,65
GR,PL,2021,1,42
HR,PL,2021,1,14
HU,PL,2021,1,14
IE,PL,2021,1,8
IT,PL,2021,1,30
KZ,PL,2021,1,72
LT,PL,2021,1,51
LU,PL,2021,1,21
LV,PL,2021,1,45
MD,PL,2021,1,3
ME,PL,2021,1,0
MK,PL,2021,1,0
NL,PL,2021,1,32
NO,PL,2021,1,27
PT,PL,2021,1,12
RO,PL,2021,1,22
RS,PL,2021,1,5
RU,PL,2021,1,95
SE,PL,2021,1,39
SI,PL,2021,1,46
SK,PL,2021,1,59
TR,PL,2021,1,65
UA,PL,2021,1,23
AL,PL,2021,2,5
AM,PL,2021,2,0
AT,PL,2021,2,25
AZ,PL,2021,2,40
BA,PL,2021,2,5
BE,PL,2021,2,13
BG,PL,2021,2,50
BY,PL,2021,2,72
CH,PL,2021,2,4
CY,PL,2021,2,5
CZ,PL,2021,2,45
DE,PL,2021,2,19
DK,PL,2021,2,5
EE,PL,2021,2,30
ES,PL,2021,2,29
FI,PL,2021,2,26
FR,PL,2021,2,8
GB,PL,2021,2,24
GE,PL,2021,2,0
GR,PL,2021,2,50
HR,PL,2021,2,13
HU,PL,2021,2,10
IE,PL,2021,2,15
IT,PL,2021,2,22
KZ,PL,2021,2,0
LT,PL,2021,2,68
LU,PL,2021,2,24
LV,PL,2021,2,74
MD,PL,2021,2,18
ME,PL,2021,2,12
MK,PL,2021,2,4
NL,PL,2021,2,17
NO,PL,2021,2,21
PT,PL,2021,2,22
RO,PL,2021,2,27
RS,PL,2021,2,8
RU,PL,2021,2,90
SE,PL,2021,2,38
SI,PL,2021,2,44
SK,PL,2021,2,56
TR,PL,2021,2,68
UA,PL,2021,2,29
AL,PL,2021,3,7
AM,PL,2021,3,0
AT,PL,2021,3,18
AZ,PL,2021,3,0
BA,PL,2021,3,6
BE,PL,2021,3,18
BG,PL,2021,3,49
BY,PL,2021,3,95
CH,PL,2021,3,8
CY,PL,2021,3,0
CZ,PL,2021,3,35
DE,PL,2021,3,20
DK,PL,2021,3,5
EE,PL,2021,3,45
ES,PL,2021,3,29
FI,PL,2021,3,28
FR,PL,2021,3,14
GB,PL,2021,3,14
GE,PL,2021,3,0
GR,PL,2021,3,49
HR,PL,2021,3,21
HU,PL,2021,3,4
IE,PL,2021,3,4
IT,PL,2021,3,39
KZ,PL,2021,3,0
LT,PL,2021,3,66
LU,PL,2021,3,19
LV,PL,2021,3,66
MD,PL,2021,3,52
ME,PL,2021,3,5
MK,PL,2021,3,2
NL,PL,2021,3,28
NO,PL,2021,3,17
PT,PL,2021,3,27
RO,PL,2021,3,17
RS,PL,2021,3,7
RU,PL,2021,3,91
SE,PL,2021,3,26
SI,PL,2021,3,58
SK,PL,2021,3,40
TR,PL,2021,3,61
UA,PL,2021,3,59
AL,PL,2021,4,52
AM,PL,2021,4,0
AT,PL,2021,4,28
AZ,PL,2021,4,94
BA,PL,2021,4,16
BE,PL,2021,4,29
BG,PL,2021,4,66
BY,PL,2021,4,47
CH,PL,2021,4,8
CY,PL,2021,4,8
CZ,PL,2021,4,49
DE,PL,2021,4,24
DK,PL,2021,4,6
EE,PL,2021,4,44
ES,PL,2021,4,33
FI,PL,2021,4,27
FR,PL,2021,4,23
GB,PL,2021,4,12
GE,PL,2021,4,0
GR,PL,2021,4,51
HR,PL,2021,4,30
HU,PL,2021,4,9
IE,PL,2021,4,0
IT,PL,2021,4,48
KZ,PL,2021,4,79
LT,PL,2021,4,51
LU,PL,2021,4,43
LV,PL,2021,4,65
MD,PL,2021,4,4
ME,PL,2021,4,13
MK,PL,2021,4,36
NL,PL,2021,4,39
NO,PL,2021,4,14
PT,PL,2021,4,23
RO,PL,2021,4,17
RS,PL,2021,4,14
RU,PL,2021,4,89
SE,PL,2021,4,17
SI,PL,2021,4,76
SK,PL,2021,4,37
TR,PL,2021,4,44
UA,PL,2021,4,45
AL,PL,2021,5,52
AM,PL,2021,5,0
AT,PL,2021,5,26
AZ,PL,2021,5,64
BA,PL,2021,5,21
BE,PL,2021,5,31
BG,PL,2021,5,80
BY,PL,2021,5,52
CH,PL,2021,5,7
CY,PL,2021,5,14
CZ,PL,2021,5,42
DE,PL,2021,5,31
DK,PL,2021,5,8
EE,PL,2021,5,32
ES,PL,2021,5,49
FI,PL,2021,5,18
FR,PL,2021,5,24
GB,PL,2021,5,12
GE,PL,2021,5,97
GR,PL,2021,5,65
HR,PL,2021,5,34
HU,PL,2021,5,7
IE,PL,2021,5,4
IT,PL,2021,5,42
KZ,PL,2021,5,0
LT,PL,2021,5,56
LU,PL,2021,5,45
LV,PL,2021,5,53
MD,PL,2021,5,3
ME,PL,2021,5,19
MK,PL,2021,5,57
NL,PL,2021,5,43
NO,PL,2021,5,12
PT,PL,2021,5,26
RO,PL,2021,5,26
RS,PL,2021,5,10
RU,PL,2021,5,92
SE,PL,2021,5,14
SI,PL,2021,5,63
SK,PL,2021,5,53
TR,PL,2021,5,45
UA,PL,2021,5,45
AL,PL,2021,6,78
AM,PL,2021,6,0
AT,PL,2021,6,38
AZ,PL,2021,6,0
BA,PL,2021,6,56
BE,PL,2021,6,29
BG,PL,2021,6,90
BY,PL,2021,6,92
CH,PL,2021,6,8
CY,PL,2021,6,0
CZ,PL,2021,6,34
DE,PL,2021,6,34
DK,PL,2021,6,9
EE,PL,2021,6,50
ES,PL,2021,6,37
FI,PL,2021,6,35
FR,PL,2021,6,30
GB,PL,2021,6,16
GE,PL,2021,6,70
GR,PL,2021,6,86
HR,PL,2021,6,27
HU,PL,2021,6,13
IE,PL,2021,6,5
IT,PL,2021,6,49
KZ,PL,2021,6,83
LT,PL,2021,6,81
LU,PL,2021,6,50
LV,PL,2021,6,79
MD,PL,2021,6,10
ME,PL,2021,6,17
MK,PL,2021,6,58
NL,PL,2021,6,34
NO,PL,2021,6,13
PT,PL,2021,6,27
RO,PL,2021,6,48
RS,PL,2021,6,20
RU,PL,2021,6,82
SE,PL,2021,6,13
SI,PL,2021,6,69
SK,PL,2021,6,51
TR,PL,2021,6,35
UA,PL,2021,6,70
AL,PL,2021,7,68
AM,PL,2021,7,0
AT,PL,2021,7,43
AZ,PL,2021,7,0
BA,PL,2021,7,50
BE,PL,2021,7,31
BG,PL,2021,7,92
BY,PL,2021,7,84
CH,PL,2021,7,5
CY,PL,2021,7,22
CZ,PL,2021,7,52
DE,PL,2021,7,33
DK,PL,2021,7,9
EE,PL,2021,7,27
ES,PL,2021,7,39
FI,PL,2021,7,10
FR,PL,2021,7,30
GB,PL,2021,7,13
GE,PL,2021,7,79
GR,PL,2021,7,71
HR,PL,2021,7,44
HU,PL,2021,7,21
IE,PL,2021,7,6
IT,PL,2021,7,49
KZ,PL,2021,7,36
LT,PL,2021,7,67
LU,PL,2021,7,47
LV,PL,2021,7,68
MD,PL,2021,7,68
ME,PL,2021,7,4
MK,PL,2021,7,74
NL,PL,2021,7,36
NO,PL,2021,7,18
PT,PL,2021,7,24
RO,PL,2021,7,61
RS,PL,2021,7,41
RU,PL,2021,7,77
SE,PL,2021,7,27
SI,PL,2021,7,67
SK,PL,2021,7,62
TR,PL,2021,7,42
UA,PL,2021,7,50
